,nodeid,mon,yr,total_sales_volume,total_sales_price,pm_total_sales_volume,pm_total_sales_price,l3m_total_sales_volume,l3m_total_sales_price,l12m_total_sales_volume,l12m_total_sales_price,numreviews_by_period,avgrating_by_period,numreviews,avgrating
0,2950,2.0,2012.0,12,123.65,22,229.93,130,1298.76,1327,14450.32,0.0,0.0,7.0,3.57
1,2950,2.0,2013.0,9,99.31,10,119.88,76,889.71,275,3054.69,0.0,0.0,7.0,3.57
2,2950,2.0,2014.0,5,49.22,0,0.0,86,1000.91,194,1530.04,0.0,0.0,7.0,3.57
3,2950,2.0,2015.0,2,12.95,4,404.65,18,739.62,72,2347.85,0.0,0.0,7.0,3.57
4,2950,2.0,2016.0,1,175.5,1,11.77,8,90.19,82,1398.9,0.0,0.0,7.0,3.57
5,2950,3.0,2012.0,22,267.61,12,123.65,75,737.04,1339,14573.97,0.0,0.0,7.0,3.57
6,2950,3.0,2013.0,26,25.9,9,99.31,52,600.36,272,3030.35,0.0,0.0,7.0,3.57
7,2950,3.0,2014.0,6,71.2,5,49.22,46,525.74,190,1479.95,1.0,2.0,7.0,3.57
8,2950,3.0,2015.0,2,195.0,2,12.95,12,490.75,69,2311.58,0.0,0.0,7.0,3.57
9,2950,3.0,2016.0,0,0.0,1,175.5,3,200.22,81,1561.45,0.0,0.0,7.0,3.57
10,2950,4.0,2011.0,3,37.42,0,0.0,0,0.0,0,0.0,0.0,0.0,7.0,3.57
11,2950,4.0,2012.0,11,122.74,22,267.61,56,621.19,1361,14841.58,0.0,0.0,7.0,3.57
12,2950,4.0,2013.0,7,87.92,26,25.9,45,245.09,276,2788.64,0.0,0.0,7.0,3.57
13,2950,4.0,2014.0,12,623.28,6,71.2,11,120.42,170,1525.25,1.0,5.0,7.0,3.57
14,2950,4.0,2015.0,5,55.71,2,195.0,8,612.6,65,2435.38,0.0,0.0,7.0,3.57
15,2950,4.0,2016.0,2,22.01,0,0.0,2,187.27,79,1366.45,0.0,0.0,7.0,3.57
16,2950,5.0,2011.0,478,5227.56,3,37.42,3,37.42,3,37.42,0.0,0.0,7.0,3.57
17,2950,5.0,2012.0,33,369.79,11,122.74,45,514.0,1369,14926.9,0.0,0.0,7.0,3.57
18,2950,5.0,2013.0,41,57.75,7,87.92,42,213.13,272,2753.82,0.0,0.0,7.0,3.57
19,2950,5.0,2014.0,10,453.97,12,623.28,23,743.7,175,2060.61,0.0,0.0,7.0,3.57
20,2950,5.0,2015.0,31,116.65,5,55.71,9,263.66,58,1867.81,0.0,0.0,7.0,3.57
21,2950,5.0,2016.0,2,23.31,2,22.01,3,197.51,76,1332.75,0.0,0.0,7.0,3.57
22,2950,6.0,2011.0,190,2114.54,478,5227.56,481,5264.98,481,5264.98,0.0,0.0,7.0,3.57
23,2950,6.0,2012.0,32,354.5,33,369.79,66,760.14,924,10069.13,0.0,0.0,7.0,3.57
24,2950,6.0,2013.0,5,43.51,41,57.75,74,171.57,280,2441.78,0.0,0.0,7.0,3.57
25,2950,6.0,2014.0,9,102.3,10,453.97,28,1148.45,144,2456.83,0.0,0.0,7.0,3.57
26,2950,6.0,2015.0,10,288.35,31,116.65,38,367.36,79,1530.49,0.0,0.0,7.0,3.57
27,2950,6.0,2016.0,0,0.0,2,23.31,4,45.32,47,1239.41,0.0,0.0,7.0,3.57
28,2950,7.0,2011.0,155,1679.6,190,2114.54,671,7379.52,671,7379.52,0.0,0.0,7.0,3.57
29,2950,7.0,2012.0,38,407.41,32,354.5,76,847.03,766,8309.09,0.0,0.0,7.0,3.57
30,2950,7.0,2013.0,6,70.46,5,43.51,53,189.18,253,2130.79,0.0,0.0,7.0,3.57
31,2950,7.0,2014.0,2,25.9,9,102.3,31,1179.55,148,2515.62,0.0,0.0,7.0,3.57
32,2950,7.0,2015.0,12,317.35,10,288.35,46,460.71,80,1716.54,0.0,0.0,7.0,3.57
33,2950,7.0,2016.0,328,12.95,0,0.0,4,45.32,37,951.06,0.0,0.0,7.0,3.57
34,2950,8.0,2011.0,134,1542.08,155,1679.6,823,9021.7,826,9059.12,0.0,0.0,7.0,3.57
35,2950,8.0,2012.0,15,105.5,38,407.41,103,1131.7,649,7036.9,0.0,0.0,7.0,3.57
36,2950,8.0,2013.0,2,12.95,6,70.46,52,171.72,221,1793.84,0.0,0.0,7.0,3.57
37,2950,8.0,2014.0,3,38.2,2,25.9,21,582.17,144,2471.06,1.0,4.0,7.0,3.57
38,2950,8.0,2015.0,7,77.7,12,317.35,53,722.35,90,2007.99,0.0,0.0,7.0,3.57
39,2950,8.0,2016.0,0,0.0,328,12.95,330,36.26,353,646.66,0.0,0.0,7.0,3.57
40,2950,9.0,2011.0,100,1148.56,134,1542.08,479,5336.22,960,10601.2,0.0,0.0,7.0,3.57
41,2950,9.0,2012.0,22,257.39,15,105.5,85,867.41,530,5600.32,0.0,0.0,7.0,3.57
42,2950,9.0,2013.0,6,70.46,2,12.95,13,126.92,208,1701.29,0.0,0.0,7.0,3.57
43,2950,9.0,2014.0,2,25.9,3,38.2,14,166.4,145,2496.31,0.0,0.0,7.0,3.57
44,2950,9.0,2015.0,3,220.9,7,77.7,29,683.4,94,2047.49,0.0,0.0,7.0,3.57
45,2950,10.0,2011.0,137,1401.8,100,1148.56,389,4370.24,1060,11749.76,0.0,0.0,7.0,3.57
46,2950,10.0,2012.0,14,156.39,22,257.39,75,770.3,452,4709.15,0.0,0.0,7.0,3.57
47,2950,10.0,2013.0,6,60.87,6,70.46,14,153.87,192,1514.36,0.0,0.0,7.0,3.57
48,2950,10.0,2014.0,5,218.26,2,25.9,7,90.0,141,2451.75,0.0,0.0,7.0,3.57
49,2950,10.0,2015.0,2,24.1,3,220.9,22,615.95,95,2242.49,0.0,0.0,7.0,3.57
50,2950,11.0,2011.0,67,685.37,137,1401.8,371,4092.44,1197,13151.56,0.0,0.0,7.0,3.57
51,2950,11.0,2012.0,33,388.66,14,156.39,51,519.28,329,3463.74,0.0,0.0,7.0,3.57
52,2950,11.0,2013.0,45,524.39,6,60.87,14,144.28,184,1418.84,0.0,0.0,7.0,3.57
53,2950,11.0,2014.0,8,261.82,5,218.26,10,282.36,140,2609.14,0.0,0.0,7.0,3.57
54,2950,11.0,2015.0,6,65.47,2,24.1,12,322.7,92,2048.33,0.0,0.0,7.0,3.57
55,2950,12.0,2011.0,41,383.46,67,685.37,304,3235.73,1264,13836.93,0.0,0.0,7.0,3.57
56,2950,12.0,2012.0,33,381.17,33,388.66,69,802.44,295,3167.03,0.0,0.0,7.0,3.57
57,2950,12.0,2013.0,41,476.52,45,524.39,57,655.72,196,1554.57,0.0,0.0,7.0,3.57
58,2950,12.0,2014.0,6,73.15,8,261.82,15,505.98,103,2346.57,0.0,0.0,7.0,3.57
59,2950,12.0,2015.0,1,12.95,6,65.47,11,310.47,90,1851.98,0.0,0.0,7.0,3.57
60,2950,1.0,2012.0,22,229.93,41,383.46,245,2470.63,1305,14220.39,0.0,0.0,7.0,3.57
61,2950,1.0,2013.0,10,119.88,33,381.17,80,926.22,287,3164.74,0.0,0.0,7.0,3.57
62,2950,1.0,2014.0,0,0.0,41,476.52,92,1061.78,204,1649.92,0.0,0.0,7.0,3.57
63,2950,1.0,2015.0,4,404.65,6,73.15,19,553.23,68,1943.2,0.0,0.0,7.0,3.57
64,2950,1.0,2016.0,1,11.77,1,12.95,9,102.52,85,1791.78,0.0,0.0,7.0,3.57
65,3179,2.0,2011.0,165,1016.88,552,2844.8,732,5354.46,1776,24286.85,0.0,0.0,2.0,4.5
66,3179,2.0,2012.0,30,0.0,0,0.0,3,48.29,593,3058.49,0.0,0.0,2.0,4.5
67,3179,2.0,2014.0,0,0.0,5,0.0,5,0.0,5,0.0,0.0,0.0,2.0,4.5
68,3179,3.0,2010.0,1,7.95,0,0.0,5,39.75,5,39.75,0.0,0.0,2.0,4.5
69,3179,3.0,2011.0,55,1017.73,165,1016.88,797,4925.04,1941,25303.73,0.0,0.0,2.0,4.5
70,3179,3.0,2012.0,1,10.0,30,0.0,30,0.0,458,2041.61,0.0,0.0,2.0,4.5
71,3179,4.0,2010.0,186,3030.33,1,7.95,1,7.95,6,47.7,0.0,0.0,2.0,4.5
72,3179,4.0,2011.0,80,391.43,55,1017.73,772,4879.41,1995,26313.51,0.0,0.0,2.0,4.5
73,3179,4.0,2012.0,0,0.0,1,10.0,31,10.0,404,1033.88,0.0,0.0,2.0,4.5
74,3179,5.0,2010.0,131,1968.12,186,3030.33,187,3038.28,192,3078.03,0.0,0.0,2.0,4.5
75,3179,5.0,2011.0,217,176.95,80,391.43,300,2426.04,1889,23674.61,0.0,0.0,2.0,4.5
76,3179,6.0,2010.0,222,4258.25,131,1968.12,318,5006.4,323,5046.15,0.0,0.0,2.0,4.5
77,3179,6.0,2011.0,3,59.04,217,176.95,352,1586.11,1975,21883.44,0.0,0.0,2.0,4.5
78,3179,7.0,2010.0,100,1887.55,222,4258.25,539,9256.7,545,9304.4,0.0,0.0,2.0,4.5
79,3179,7.0,2011.0,3,49.36,3,59.04,300,627.42,1756,17684.23,0.0,0.0,2.0,4.5
80,3179,7.0,2016.0,315,0.0,0,0.0,0,0.0,0,0.0,0.0,0.0,2.0,4.5
81,3179,8.0,2010.0,181,3503.04,100,1887.55,453,8113.92,645,11191.95,0.0,0.0,2.0,4.5
82,3179,8.0,2011.0,7,115.91,3,49.36,223,285.35,1659,15846.04,0.0,0.0,2.0,4.5
83,3179,8.0,2016.0,0,0.0,315,0.0,315,0.0,315,0.0,0.0,0.0,2.0,4.5
84,3179,9.0,2010.0,85,1653.44,181,3503.04,503,9648.84,826,14694.99,0.0,0.0,2.0,4.5
85,3179,9.0,2011.0,3,47.31,7,115.91,13,224.31,1485,12458.91,0.0,0.0,2.0,4.5
86,3179,10.0,2010.0,138,2623.71,85,1653.44,366,7044.03,911,16348.43,0.0,0.0,2.0,4.5
87,3179,10.0,2011.0,57,135.59,3,47.31,13,212.58,1403,10852.78,0.0,0.0,2.0,4.5
88,3179,10.0,2014.0,1,0.0,0,0.0,0,0.0,5,0.0,0.0,0.0,2.0,4.5
89,3179,11.0,2010.0,100,1446.3,138,2623.71,404,7780.19,1049,18972.14,0.0,0.0,2.0,4.5
90,3179,11.0,2011.0,3,48.29,57,135.59,67,298.81,1322,8364.66,0.0,0.0,2.0,4.5
91,3179,11.0,2014.0,0,0.0,1,0.0,1,0.0,6,0.0,0.0,0.0,2.0,4.5
92,3179,12.0,2009.0,5,39.75,0,0.0,0,0.0,0,0.0,0.0,0.0,2.0,4.5
93,3179,12.0,2010.0,80,1063.36,100,1446.3,323,5723.45,1149,20418.44,0.0,0.0,2.0,4.5
94,3179,12.0,2011.0,0,0.0,3,48.29,63,231.19,1225,6966.65,0.0,0.0,2.0,4.5
95,3179,1.0,2010.0,0,0.0,5,39.75,5,39.75,5,39.75,0.0,0.0,2.0,4.5
96,3179,1.0,2011.0,552,2844.8,80,1063.36,318,5133.37,1224,21442.05,0.0,0.0,2.0,4.5
97,3179,1.0,2014.0,5,0.0,0,0.0,0,0.0,0,0.0,0.0,0.0,2.0,4.5
98,3188,2.0,2013.0,83,2484.01,0,0.0,0,0.0,0,0.0,0.0,0.0,1.0,2.0
99,3188,2.0,2014.0,12,345.0,20,534.0,159,4383.0,3900,93475.31,0.0,0.0,1.0,2.0
100,3188,2.0,2015.0,0,0.0,2,60.0,7,201.0,100,2905.43,0.0,0.0,1.0,2.0
101,3188,2.0,2016.0,1,30.0,0,0.0,5,138.0,17,498.0,0.0,0.0,1.0,2.0
102,3188,3.0,2013.0,435,12583.8,83,2484.01,83,2484.01,83,2484.01,0.0,0.0,1.0,2.0
103,3188,3.0,2014.0,12,348.0,12,345.0,130,3678.0,3829,91336.3,0.0,0.0,1.0,2.0
104,3188,3.0,2015.0,1,30.0,0,0.0,4,117.0,88,2560.43,0.0,0.0,1.0,2.0
105,3188,3.0,2016.0,2,60.0,1,30.0,3,84.0,18,528.0,0.0,0.0,1.0,2.0
106,3188,4.0,2013.0,819,22924.2,435,12583.8,518,15067.81,518,15067.81,0.0,0.0,1.0,2.0
107,3188,4.0,2014.0,9,260.88,12,348.0,44,1227.0,3406,79100.5,0.0,0.0,1.0,2.0
108,3188,4.0,2015.0,1,30.0,1,30.0,3,90.0,77,2242.43,0.0,0.0,1.0,2.0
109,3188,4.0,2016.0,1,30.0,2,60.0,3,90.0,19,558.0,0.0,0.0,1.0,2.0
110,3188,5.0,2013.0,771,19832.5,819,22924.2,1337,37992.01,1337,37992.01,0.0,0.0,1.0,2.0
111,3188,5.0,2014.0,6,171.0,9,260.88,33,953.88,2596,56437.18,0.0,0.0,1.0,2.0
112,3188,5.0,2015.0,2,60.0,1,30.0,2,60.0,69,2011.55,0.0,0.0,1.0,2.0
113,3188,5.0,2016.0,2,60.0,1,30.0,4,120.0,19,558.0,0.0,0.0,1.0,2.0
114,3188,6.0,2013.0,544,7822.8,771,19832.5,2025,55340.5,2108,57824.51,0.0,0.0,1.0,2.0
115,3188,6.0,2014.0,8,225.8,6,171.0,27,779.88,1831,36775.68,0.0,0.0,1.0,2.0
116,3188,6.0,2015.0,1,30.0,2,60.0,4,120.0,65,1900.55,0.0,0.0,1.0,2.0
117,3188,6.0,2016.0,3,90.0,2,60.0,5,150.0,19,558.0,0.0,0.0,1.0,2.0
118,3188,7.0,2013.0,195,5439.0,544,7822.8,2134,50579.5,2652,65647.31,0.0,0.0,1.0,2.0
119,3188,7.0,2014.0,10,294.0,8,225.8,23,657.68,1295,29178.68,0.0,0.0,1.0,2.0
120,3188,7.0,2015.0,2,60.0,1,30.0,4,120.0,58,1704.75,0.0,0.0,1.0,2.0
121,3188,7.0,2016.0,1,30.0,3,90.0,6,180.0,21,618.0,0.0,0.0,1.0,2.0
122,3188,8.0,2013.0,449,6297.0,195,5439.0,1510,33094.3,2847,71086.31,0.0,0.0,1.0,2.0
123,3188,8.0,2014.0,6,177.0,10,294.0,24,690.8,1110,24033.68,0.0,0.0,1.0,2.0
124,3188,8.0,2015.0,0,0.0,2,60.0,5,150.0,50,1470.75,0.0,0.0,1.0,2.0
125,3188,8.0,2016.0,0,0.0,1,30.0,6,180.0,20,588.0,0.0,0.0,1.0,2.0
126,3188,9.0,2013.0,389,10149.0,449,6297.0,1188,19558.8,3296,77383.31,0.0,0.0,1.0,2.0
127,3188,9.0,2014.0,29,852.75,6,177.0,24,696.8,667,17913.68,0.0,0.0,1.0,2.0
128,3188,9.0,2015.0,2,60.0,0,0.0,3,90.0,44,1293.75,0.0,0.0,1.0,2.0
129,3188,9.0,2016.0,5,0.0,0,0.0,4,120.0,20,588.0,0.0,0.0,1.0,2.0
130,3188,10.0,2013.0,56,1560.0,389,10149.0,1033,21885.0,3685,87532.31,0.0,0.0,1.0,2.0
131,3188,10.0,2014.0,1,30.0,29,852.75,45,1323.75,307,8617.43,0.0,0.0,1.0,2.0
132,3188,10.0,2015.0,3,90.0,2,60.0,4,120.0,17,501.0,0.0,0.0,1.0,2.0
133,3188,10.0,2016.0,0,0.0,5,0.0,6,30.0,23,528.0,0.0,0.0,1.0,2.0
134,3188,11.0,2013.0,41,1050.0,56,1560.0,894,18006.0,3741,89092.31,0.0,0.0,1.0,2.0
135,3188,11.0,2014.0,3,84.0,1,30.0,36,1059.75,252,7087.43,0.0,0.0,1.0,2.0
136,3188,11.0,2015.0,3,84.0,3,90.0,5,150.0,19,561.0,0.0,0.0,1.0,2.0
137,3188,12.0,2013.0,98,2799.0,41,1050.0,486,12759.0,3782,90142.31,0.0,0.0,1.0,2.0
138,3188,12.0,2014.0,2,57.0,3,84.0,33,966.75,214,6121.43,0.0,0.0,1.0,2.0
139,3188,12.0,2015.0,2,54.0,3,84.0,8,234.0,19,561.0,0.0,0.0,1.0,2.0
140,3188,1.0,2014.0,20,534.0,98,2799.0,195,5409.0,3880,92941.31,0.0,0.0,1.0,2.0
141,3188,1.0,2015.0,2,60.0,2,57.0,6,171.0,118,3379.43,0.0,0.0,1.0,2.0
142,3188,1.0,2016.0,0,0.0,2,54.0,8,228.0,19,558.0,0.0,0.0,1.0,2.0
143,3214,2.0,2012.0,1,10.0,7,86.32,160,2749.41,4390,76535.51,0.0,0.0,5.0,5.0
144,3214,2.0,2013.0,1,0.0,1,10.0,10,117.14,18,177.14,0.0,0.0,5.0,5.0
145,3214,2.0,2016.0,0,0.0,1,0.0,1,0.0,1,0.0,0.0,0.0,5.0,5.0
146,3214,3.0,2011.0,21,410.97,0,0.0,0,0.0,0,0.0,0.0,0.0,5.0,5.0
147,3214,3.0,2012.0,3,20.0,1,10.0,11,96.32,4391,76545.51,0.0,0.0,5.0,5.0
148,3214,3.0,2013.0,35,10.0,1,0.0,7,68.57,18,167.14,0.0,0.0,5.0,5.0
149,3214,3.0,2014.0,1,195.0,0,0.0,0,0.0,140,65.22,0.0,0.0,5.0,5.0
150,3214,4.0,2011.0,10,185.5,21,410.97,21,410.97,21,410.97,0.0,0.0,5.0,5.0
151,3214,4.0,2012.0,1,0.0,3,20.0,11,116.32,4373,76154.54,0.0,0.0,5.0,5.0
152,3214,4.0,2013.0,101,10.0,35,10.0,37,20.0,50,157.14,1.0,5.0,5.0,5.0
153,3214,4.0,2014.0,0,0.0,1,195.0,1,195.0,106,250.22,0.0,0.0,5.0,5.0
154,3214,5.0,2011.0,1607,27421.06,10,185.5,31,596.47,31,596.47,0.0,0.0,5.0,5.0
155,3214,5.0,2012.0,1,10.0,1,0.0,5,30.0,4364,75969.04,2.0,5.0,5.0,5.0
156,3214,5.0,2013.0,1,0.0,101,10.0,137,20.0,150,167.14,0.0,0.0,5.0,5.0
157,3214,6.0,2011.0,748,13308.6,1607,27421.06,1638,28017.53,1638,28017.53,0.0,0.0,5.0,5.0
158,3214,6.0,2012.0,0,0.0,1,10.0,5,30.0,2758,48557.98,0.0,0.0,5.0,5.0
159,3214,6.0,2013.0,1,10.0,1,0.0,137,20.0,150,157.14,0.0,0.0,5.0,5.0
160,3214,7.0,2011.0,456,8000.76,748,13308.6,2365,40915.16,2386,41326.13,0.0,0.0,5.0,5.0
161,3214,7.0,2012.0,1,10.0,0,0.0,2,10.0,2010,35249.38,0.0,0.0,5.0,5.0
162,3214,7.0,2013.0,0,0.0,1,10.0,103,20.0,151,167.14,0.0,0.0,5.0,5.0
163,3214,7.0,2014.0,20,0.0,0,0.0,0,0.0,3,230.22,0.0,0.0,5.0,5.0
164,3214,8.0,2011.0,513,9032.59,456,8000.76,2811,48730.42,2842,49326.89,0.0,0.0,5.0,5.0
165,3214,8.0,2012.0,0,0.0,1,10.0,2,20.0,1555,27258.62,0.0,0.0,5.0,5.0
166,3214,8.0,2014.0,0,0.0,20,0.0,20,0.0,23,230.22,0.0,0.0,5.0,5.0
167,3214,9.0,2011.0,292,5084.1,513,9032.59,1717,30341.95,3355,58359.48,0.0,0.0,5.0,5.0
168,3214,9.0,2013.0,2,35.22,0,0.0,1,10.0,150,157.14,0.0,0.0,5.0,5.0
169,3214,10.0,2011.0,583,10342.52,292,5084.1,1261,22117.45,3647,63443.58,0.0,0.0,5.0,5.0
170,3214,10.0,2012.0,1,10.0,0,0.0,1,10.0,750,13141.93,0.0,0.0,5.0,5.0
171,3214,10.0,2013.0,0,0.0,2,35.22,2,35.22,152,192.36,0.0,0.0,5.0,5.0
172,3214,11.0,2011.0,150,2663.09,583,10342.52,1388,24459.21,4230,73786.1,0.0,0.0,5.0,5.0
173,3214,11.0,2012.0,4,48.57,1,10.0,1,10.0,168,2809.41,0.0,0.0,5.0,5.0
174,3214,12.0,2011.0,3,0.0,150,2663.09,1025,18089.71,4380,76449.19,0.0,0.0,5.0,5.0
175,3214,12.0,2012.0,5,58.57,4,48.57,5,58.57,22,194.89,0.0,0.0,5.0,5.0
176,3214,1.0,2012.0,7,86.32,3,0.0,736,13005.61,4383,76449.19,0.0,0.0,5.0,5.0
177,3214,1.0,2013.0,1,10.0,5,58.57,10,117.14,24,253.46,0.0,0.0,5.0,5.0
178,3214,1.0,2016.0,1,0.0,0,0.0,0,0.0,0,0.0,0.0,0.0,5.0,5.0
179,3263,2.0,2013.0,4,104.83,10,244.96,112,3058.46,686,18942.62,0.0,0.0,2.0,3.0
180,3263,2.0,2014.0,67,2366.71,62,1743.0,291,8129.4,867,23991.56,0.0,0.0,2.0,3.0
181,3263,3.0,2013.0,4,116.5,4,104.83,55,1438.34,690,19047.45,0.0,0.0,2.0,3.0
182,3263,3.0,2014.0,22,598.97,67,2366.71,241,7216.79,930,26253.44,0.0,0.0,2.0,3.0
183,3263,4.0,2013.0,2,26.65,4,116.5,18,466.29,694,19163.95,0.0,0.0,2.0,3.0
184,3263,4.0,2014.0,15,434.25,22,598.97,151,4708.68,948,26735.91,0.0,0.0,2.0,3.0
185,3263,5.0,2012.0,110,3078.81,0,0.0,0,0.0,0,0.0,0.0,0.0,2.0,3.0
186,3263,5.0,2013.0,48,1338.6,2,26.65,10,247.98,696,19190.6,0.0,0.0,2.0,3.0
187,3263,5.0,2014.0,7,203.65,15,434.25,104,3399.93,961,27143.51,0.0,0.0,2.0,3.0
188,3263,6.0,2012.0,98,2680.2,110,3078.81,110,3078.81,110,3078.81,0.0,0.0,2.0,3.0
189,3263,6.0,2013.0,69,1870.2,48,1338.6,54,1481.75,634,17450.39,0.0,0.0,2.0,3.0
190,3263,6.0,2014.0,7,200.65,7,203.65,44,1236.87,920,26008.56,0.0,0.0,2.0,3.0
191,3263,7.0,2012.0,183,5014.5,98,2680.2,208,5759.01,208,5759.01,0.0,0.0,2.0,3.0
192,3263,7.0,2013.0,162,4396.58,69,1870.2,119,3235.45,605,16640.39,0.0,0.0,2.0,3.0
193,3263,7.0,2014.0,5,138.56,7,200.65,29,838.55,858,24339.01,0.0,0.0,2.0,3.0
194,3263,8.0,2012.0,70,1947.4,183,5014.5,391,10773.51,391,10773.51,0.0,0.0,2.0,3.0
195,3263,8.0,2013.0,62,1751.95,162,4396.58,279,7605.38,584,16022.47,0.0,0.0,2.0,3.0
196,3263,8.0,2014.0,3,84.48,5,138.56,19,542.86,701,20080.99,0.0,0.0,2.0,3.0
197,3263,9.0,2012.0,52,1458.4,70,1947.4,351,9642.1,461,12720.91,0.0,0.0,2.0,3.0
198,3263,9.0,2013.0,86,2395.77,62,1751.95,293,8018.73,576,15827.02,0.0,0.0,2.0,3.0
199,3263,9.0,2014.0,2,29.95,3,84.48,15,423.69,642,18413.52,0.0,0.0,2.0,3.0
200,3263,10.0,2012.0,61,1704.85,52,1458.4,305,8420.3,513,14179.31,0.0,0.0,2.0,3.0
201,3263,10.0,2013.0,139,3861.08,86,2395.77,310,8544.3,610,16764.39,0.0,0.0,2.0,3.0
202,3263,10.0,2014.0,1,29.95,2,29.95,10,252.99,558,16047.7,0.0,0.0,2.0,3.0
203,3263,11.0,2012.0,61,1724.95,61,1704.85,183,5110.65,574,15884.16,0.0,0.0,2.0,3.0
204,3263,11.0,2013.0,117,3279.32,139,3861.08,287,8008.8,688,18920.62,0.0,0.0,2.0,3.0
205,3263,11.0,2014.0,1,26.95,1,29.95,6,144.38,420,12216.57,0.0,0.0,2.0,3.0
206,3263,12.0,2012.0,41,1088.55,61,1724.95,174,4888.2,635,17609.11,0.0,0.0,2.0,3.0
207,3263,12.0,2013.0,112,3107.08,117,3279.32,342,9536.17,744,20474.99,0.0,0.0,2.0,3.0
208,3263,12.0,2014.0,0,0.0,1,26.95,4,86.85,304,8964.2,0.0,0.0,2.0,3.0
209,3263,1.0,2013.0,10,244.96,41,1088.55,163,4518.35,676,18697.66,0.0,0.0,2.0,3.0
210,3263,1.0,2014.0,62,1743.0,112,3107.08,368,10247.48,815,22493.52,0.0,0.0,2.0,3.0
211,3939,2.0,2014.0,32,481.0,13,201.6,79,1227.2,79,1227.2,0.0,0.0,28.0,4.43
212,3939,2.0,2015.0,146,3243.9,24,319.25,365,3338.27,968,10715.26,0.0,0.0,28.0,4.43
213,3939,2.0,2016.0,13,131.6,10,878.15,41,1252.9,1624,16870.1,0.0,0.0,28.0,4.43
214,3939,3.0,2014.0,77,844.2,32,481.0,97,1485.8,111,1708.2,2.0,4.5,28.0,4.43
215,3939,3.0,2015.0,665,10002.29,146,3243.9,295,5237.24,1082,13478.16,0.0,0.0,28.0,4.43
216,3939,3.0,2016.0,4,76.27,13,131.6,43,1244.13,1491,13757.8,0.0,0.0,28.0,4.43
217,3939,4.0,2014.0,99,1274.52,77,844.2,122,1526.8,188,2552.4,0.0,0.0,28.0,4.43
218,3939,4.0,2015.0,250,1047.89,665,10002.29,835,13565.44,1670,22636.25,0.0,0.0,28.0,4.43
219,3939,4.0,2016.0,3,26.6,4,76.27,27,1086.02,830,3831.78,0.0,0.0,28.0,4.43
220,3939,5.0,2014.0,82,869.81,99,1274.52,208,2599.72,287,3826.92,0.0,0.0,28.0,4.43
221,3939,5.0,2015.0,72,559.05,250,1047.89,1061,14294.08,1821,22409.62,0.0,0.0,28.0,4.43
222,3939,5.0,2016.0,3,42.0,3,26.6,20,234.47,583,2810.49,0.0,0.0,28.0,4.43
223,3939,6.0,2014.0,78,1090.22,82,869.81,258,2988.53,369,4696.73,0.0,0.0,28.0,4.43
224,3939,6.0,2015.0,366,429.2,72,559.05,987,11609.23,1811,22098.86,0.0,0.0,28.0,4.43
225,3939,6.0,2016.0,6,54.6,3,42.0,10,144.87,514,2293.44,0.0,0.0,28.0,4.43
226,3939,7.0,2014.0,63,789.6,78,1090.22,259,3234.55,447,5786.95,1.0,3.0,28.0,4.43
227,3939,7.0,2015.0,9,51.55,366,429.2,688,2036.14,2099,21437.84,0.0,0.0,28.0,4.43
228,3939,7.0,2016.0,260,26.6,6,54.6,12,123.2,154,1918.84,0.0,0.0,28.0,4.43
229,3939,8.0,2014.0,33,474.29,63,789.6,223,2749.63,510,6576.55,0.0,0.0,28.0,4.43
230,3939,8.0,2015.0,9,156.25,9,51.55,447,1039.8,2045,20699.79,0.0,0.0,28.0,4.43
231,3939,8.0,2016.0,1,14.0,260,26.6,269,123.2,405,1893.89,0.0,0.0,28.0,4.43
232,3939,9.0,2014.0,38,539.42,33,474.29,174,2354.11,543,7050.84,0.0,0.0,28.0,4.43
233,3939,9.0,2015.0,62,99.07,9,156.25,384,637.0,2021,20381.75,0.0,0.0,28.0,4.43
234,3939,9.0,2016.0,2,26.6,1,14.0,267,95.2,397,1751.64,0.0,0.0,28.0,4.43
235,3939,10.0,2014.0,101,1013.93,38,539.42,134,1803.31,581,7590.26,0.0,0.0,28.0,4.43
236,3939,10.0,2015.0,4,28.0,62,99.07,80,306.87,2045,19941.4,0.0,0.0,28.0,4.43
237,3939,10.0,2016.0,0,0.0,2,26.6,263,67.2,337,1679.17,0.0,0.0,28.0,4.43
238,3939,11.0,2013.0,14,222.4,0,0.0,0,0.0,0,0.0,1.0,5.0,28.0,4.43
239,3939,11.0,2014.0,216,1344.93,101,1013.93,172,2027.64,682,8604.19,0.0,0.0,28.0,4.43
240,3939,11.0,2015.0,11,140.37,4,28.0,75,283.32,1948,18955.47,0.0,0.0,28.0,4.43
241,3939,12.0,2013.0,52,803.2,14,222.4,14,222.4,14,222.4,0.0,0.0,28.0,4.43
242,3939,12.0,2014.0,125,1674.09,216,1344.93,355,2898.28,884,9726.72,0.0,0.0,28.0,4.43
243,3939,12.0,2015.0,20,234.38,11,140.37,77,267.44,1743,17750.91,0.0,0.0,28.0,4.43
244,3939,1.0,2014.0,13,201.6,52,803.2,66,1025.6,66,1025.6,0.0,0.0,28.0,4.43
245,3939,1.0,2015.0,24,319.25,125,1674.09,442,4032.95,957,10597.61,0.0,0.0,28.0,4.43
246,3939,1.0,2016.0,10,878.15,20,234.38,35,402.75,1638,16311.2,0.0,0.0,28.0,4.43
247,171114,2.0,2015.0,94,1729.49,246,2271.36,1551,33753.59,5848,135976.44,0.0,0.0,4.0,4.75
248,171114,2.0,2016.0,174,2820.58,135,3370.66,648,12864.49,1435,24632.23,0.0,0.0,4.0,4.75
249,171114,3.0,2015.0,155,2563.48,94,1729.49,1093,22152.05,5942,137705.93,0.0,0.0,4.0,4.75
250,171114,3.0,2016.0,124,2961.22,174,2820.58,692,12978.23,1515,25723.32,0.0,0.0,4.0,4.75
251,171114,4.0,2014.0,153,3719.87,0,0.0,0,0.0,0,0.0,0.0,0.0,4.0,4.75
252,171114,4.0,2015.0,62,1520.75,155,2563.48,495,6564.33,6097,140269.41,0.0,0.0,4.0,4.75
253,171114,4.0,2016.0,117,2901.0,124,2961.22,433,9152.46,1484,26121.06,0.0,0.0,4.0,4.75
254,171114,5.0,2014.0,586,14223.97,153,3719.87,153,3719.87,153,3719.87,0.0,0.0,4.0,4.75
255,171114,5.0,2015.0,162,1500.14,62,1520.75,311,5813.72,6006,138070.29,0.0,0.0,4.0,4.75
256,171114,5.0,2016.0,188,3209.82,117,2901.0,415,8682.8,1539,27501.31,0.0,0.0,4.0,4.75
257,171114,6.0,2014.0,1801,43554.65,586,14223.97,739,17943.84,739,17943.84,0.0,0.0,4.0,4.75
258,171114,6.0,2015.0,70,1403.7,162,1500.14,379,5584.37,5582,125346.46,0.0,0.0,4.0,4.75
259,171114,6.0,2016.0,86,2081.06,188,3209.82,429,9072.04,1565,29210.99,0.0,0.0,4.0,4.75
260,171114,7.0,2014.0,707,17297.59,1801,43554.65,2540,61498.49,2540,61498.49,0.0,0.0,4.0,4.75
261,171114,7.0,2015.0,15,355.41,70,1403.7,294,4424.59,3851,83195.51,0.0,0.0,4.0,4.75
262,171114,7.0,2016.0,125,3028.15,86,2081.06,391,8191.88,1581,29888.35,0.0,0.0,4.0,4.75
263,171114,8.0,2014.0,279,6613.15,707,17297.59,3094,75076.21,3247,78796.08,0.0,0.0,4.0,4.75
264,171114,8.0,2015.0,71,398.45,15,355.41,247,3259.25,3159,66253.33,0.0,0.0,4.0,4.75
265,171114,8.0,2016.0,197,4880.79,125,3028.15,399,8319.03,1691,32561.09,0.0,0.0,4.0,4.75
266,171114,9.0,2014.0,352,8424.85,279,6613.15,2787,67465.39,3526,85409.23,0.0,0.0,4.0,4.75
267,171114,9.0,2015.0,9,220.56,71,398.45,156,2157.56,2951,60038.63,0.0,0.0,4.0,4.75
268,171114,9.0,2016.0,66,607.21,197,4880.79,408,9990.0,1817,37043.43,0.0,0.0,4.0,4.75
269,171114,10.0,2014.0,419,8388.77,352,8424.85,1338,32335.59,3878,93834.08,0.0,0.0,4.0,4.75
270,171114,10.0,2015.0,149,2075.76,9,220.56,95,974.42,2608,51834.34,0.0,0.0,4.0,4.75
271,171114,10.0,2016.0,0,0.0,66,607.21,388,8516.15,1874,37430.08,0.0,0.0,4.0,4.75
272,171114,11.0,2014.0,552,13331.03,419,8388.77,1050,23426.77,4297,102222.85,0.0,0.0,4.0,4.75
273,171114,11.0,2015.0,130,2706.84,149,2075.76,229,2694.77,2338,45521.33,0.0,0.0,4.0,4.75
274,171114,12.0,2014.0,753,18151.2,552,13331.03,1323,30144.65,4849,115553.88,0.0,0.0,4.0,4.75
275,171114,12.0,2015.0,383,6786.99,130,2706.84,288,5003.16,1916,34897.14,0.0,0.0,4.0,4.75
276,171114,1.0,2015.0,246,2271.36,753,18151.2,1724,39871.0,5602,133705.08,0.0,0.0,4.0,4.75
277,171114,1.0,2016.0,135,3370.66,383,6786.99,662,11569.59,1546,23532.93,0.0,0.0,4.0,4.75
278,465288,4.0,2016.0,1,22.95,0,0.0,0,0.0,0,0.0,0.0,0.0,2.0,2.5
279,465288,5.0,2016.0,16,344.23,1,22.95,1,22.95,1,22.95,0.0,0.0,2.0,2.5
280,465288,6.0,2016.0,654,14326.54,16,344.23,17,367.18,17,367.18,0.0,0.0,2.0,2.5
281,465288,7.0,2016.0,442,9515.49,654,14326.54,671,14693.72,671,14693.72,0.0,0.0,2.0,2.5
282,465288,8.0,2016.0,119,2603.57,442,9515.49,1112,24186.26,1113,24209.21,0.0,0.0,2.0,2.5
283,465288,9.0,2016.0,31,674.72,119,2603.57,1215,26445.6,1232,26812.78,0.0,0.0,2.0,2.5
284,465288,10.0,2016.0,0,0.0,31,674.72,592,12793.78,1263,27487.5,0.0,0.0,2.0,2.5
285,132561011,2.0,2015.0,4,203.3,15,644.61,146,7452.27,762,39107.54,0.0,0.0,44.0,4.14
286,132561011,2.0,2016.0,14,730.8,34,1807.81,61,3176.01,102,5203.57,0.0,0.0,44.0,4.14
287,132561011,3.0,2015.0,6,208.8,4,203.3,94,4741.9,766,39310.84,0.0,0.0,44.0,4.14
288,132561011,3.0,2016.0,23,1214.35,14,730.8,70,3643.06,112,5731.07,0.0,0.0,44.0,4.14
289,132561011,4.0,2014.0,26,1379.76,0,0.0,0,0.0,0,0.0,2.0,4.0,44.0,4.14
290,132561011,4.0,2015.0,2,104.4,6,208.8,25,1056.71,772,39519.64,0.0,0.0,44.0,4.14
291,132561011,4.0,2016.0,10,527.5,23,1214.35,71,3752.96,129,6736.62,0.0,0.0,44.0,4.14
292,132561011,5.0,2014.0,93,4947.19,26,1379.76,26,1379.76,26,1379.76,0.0,0.0,44.0,4.14
293,132561011,5.0,2015.0,4,208.8,2,104.4,12,516.5,748,38244.28,0.0,0.0,44.0,4.14
294,132561011,5.0,2016.0,21,1093.45,10,527.5,47,2472.65,137,7159.72,0.0,0.0,44.0,4.14
295,132561011,6.0,2014.0,249,13021.48,93,4947.19,119,6326.95,119,6326.95,1.0,5.0,44.0,4.14
296,132561011,6.0,2015.0,6,313.2,4,208.8,12,522.0,659,33505.89,0.0,0.0,44.0,4.14
297,132561011,6.0,2016.0,17,890.15,21,1093.45,54,2835.3,154,8044.37,0.0,0.0,44.0,4.14
298,132561011,7.0,2014.0,94,4838.27,249,13021.48,368,19348.43,368,19348.43,0.0,0.0,44.0,4.14
299,132561011,7.0,2015.0,2,104.4,6,313.2,12,626.4,416,20797.61,0.0,0.0,44.0,4.14
300,132561011,7.0,2016.0,24,1203.37,17,890.15,48,2511.1,165,8621.32,0.0,0.0,44.0,4.14
301,132561011,8.0,2014.0,46,2216.6,94,4838.27,436,22806.94,462,24186.7,1.0,5.0,44.0,4.14
302,132561011,8.0,2015.0,1,54.95,2,104.4,12,626.4,324,16063.74,0.0,0.0,44.0,4.14
303,132561011,8.0,2016.0,34,1791.3,24,1203.37,62,3186.97,187,9720.29,0.0,0.0,44.0,4.14
304,132561011,9.0,2014.0,49,2503.81,46,2216.6,389,20076.35,508,26403.3,0.0,0.0,44.0,4.14
305,132561011,9.0,2015.0,2,93.41,1,54.95,9,472.55,279,13902.09,0.0,0.0,44.0,4.14
306,132561011,9.0,2016.0,4,164.85,34,1791.3,75,3884.82,220,11456.64,0.0,0.0,44.0,4.14
307,132561011,10.0,2014.0,59,2748.16,49,2503.81,189,9558.68,557,28907.11,0.0,0.0,44.0,4.14
308,132561011,10.0,2015.0,14,736.3,2,93.41,5,252.76,232,11491.69,0.0,0.0,44.0,4.14
309,132561011,10.0,2016.0,0,0.0,4,164.85,62,3159.52,222,11528.08,0.0,0.0,44.0,4.14
310,132561011,11.0,2014.0,56,2913.67,59,2748.16,154,7468.57,616,31655.27,0.0,0.0,44.0,4.14
311,132561011,11.0,2015.0,5,263.75,14,736.3,17,884.66,187,9479.83,0.0,0.0,44.0,4.14
312,132561011,12.0,2014.0,75,3893.99,56,2913.67,164,8165.64,672,34568.94,0.0,0.0,44.0,4.14
313,132561011,12.0,2015.0,22,1104.45,5,263.75,21,1093.46,136,6829.91,0.0,0.0,44.0,4.14
314,132561011,1.0,2015.0,15,644.61,75,3893.99,190,9555.82,747,38462.93,0.0,0.0,44.0,4.14
315,132561011,1.0,2016.0,34,1807.81,22,1104.45,41,2104.5,83,4040.37,0.0,0.0,44.0,4.14
316,377550011,2.0,2014.0,199,1345.42,157,2044.53,1021,7144.47,1042,7440.47,0.0,0.0,3.0,4.67
317,377550011,3.0,2014.0,91,1157.0,199,1345.42,775,6435.42,1241,8785.89,0.0,0.0,3.0,4.67
318,377550011,4.0,2014.0,262,1454.93,91,1157.0,447,4546.95,1332,9942.89,0.0,0.0,3.0,4.67
319,377550011,5.0,2014.0,122,1201.1,262,1454.93,552,3957.35,1594,11397.82,0.0,0.0,3.0,4.67
320,377550011,5.0,2015.0,1,272.0,0,0.0,0,0.0,743,6797.83,0.0,0.0,3.0,4.67
321,377550011,6.0,2014.0,59,693.73,122,1201.1,475,3813.03,1716,12598.92,0.0,0.0,3.0,4.67
322,377550011,6.0,2015.0,0,0.0,1,272.0,1,272.0,622,5868.73,0.0,0.0,3.0,4.67
323,377550011,7.0,2014.0,462,3689.68,59,693.73,443,3349.76,1775,13292.65,0.0,0.0,3.0,4.67
324,377550011,8.0,2014.0,72,686.25,462,3689.68,643,5584.51,2237,16982.33,0.0,0.0,3.0,4.67
325,377550011,9.0,2013.0,10,148.0,0,0.0,0,0.0,0,0.0,0.0,0.0,3.0,4.67
326,377550011,9.0,2014.0,13,140.5,72,686.25,593,5069.66,2309,17668.58,0.0,0.0,3.0,4.67
327,377550011,10.0,2013.0,11,148.0,10,148.0,10,148.0,10,148.0,0.0,0.0,3.0,4.67
328,377550011,10.0,2014.0,8,373.65,13,140.5,547,4516.43,2312,17661.08,0.0,0.0,3.0,4.67
329,377550011,11.0,2013.0,445,2054.47,11,148.0,21,296.0,21,296.0,0.0,0.0,3.0,4.67
330,377550011,11.0,2014.0,7,12.92,8,373.65,93,1200.4,2309,17886.73,0.0,0.0,3.0,4.67
331,377550011,12.0,2013.0,419,3045.47,445,2054.47,466,2350.47,466,2350.47,0.0,0.0,3.0,4.67
332,377550011,12.0,2014.0,0,0.0,7,12.92,28,527.07,1871,15845.18,0.0,0.0,3.0,4.67
333,377550011,1.0,2014.0,157,2044.53,419,3045.47,875,5247.94,885,5395.94,0.0,0.0,3.0,4.67
334,6133990011,2.0,2014.0,80,1349.79,130,1994.95,454,7023.42,475,7357.33,0.0,0.0,21.0,4.19
335,6133990011,3.0,2014.0,119,1419.66,80,1349.79,377,6204.47,555,8707.12,1.0,4.0,21.0,4.19
336,6133990011,4.0,2014.0,51,865.26,119,1419.66,329,4764.4,674,10126.78,1.0,5.0,21.0,4.19
337,6133990011,5.0,2014.0,92,1382.87,51,865.26,250,3634.71,725,10992.04,0.0,0.0,21.0,4.19
338,6133990011,6.0,2014.0,112,1839.96,92,1382.87,262,3667.79,817,12374.91,0.0,0.0,21.0,4.19
339,6133990011,7.0,2014.0,506,5137.68,112,1839.96,255,4088.09,929,14214.87,0.0,0.0,21.0,4.19
340,6133990011,7.0,2015.0,1,540.0,0,0.0,0,0.0,616,7638.16,0.0,0.0,21.0,4.19
341,6133990011,8.0,2014.0,71,1526.2,506,5137.68,710,8360.51,1435,19352.55,0.0,0.0,21.0,4.19
342,6133990011,8.0,2015.0,0,0.0,1,540.0,1,540.0,111,3040.48,0.0,0.0,21.0,4.19
343,6133990011,9.0,2013.0,11,183.06,0,0.0,0,0.0,0,0.0,0.0,0.0,21.0,4.19
344,6133990011,9.0,2014.0,12,156.45,71,1526.2,689,8503.84,1506,20878.75,0.0,0.0,21.0,4.19
345,6133990011,10.0,2013.0,10,150.85,11,183.06,11,183.06,11,183.06,0.0,0.0,21.0,4.19
346,6133990011,10.0,2014.0,16,730.92,12,156.45,589,6820.33,1507,20852.14,0.0,0.0,21.0,4.19
347,6133990011,11.0,2013.0,157,2168.74,10,150.85,21,333.91,21,333.91,0.0,0.0,21.0,4.19
348,6133990011,11.0,2014.0,11,86.91,16,730.92,99,2413.57,1513,21432.21,0.0,0.0,21.0,4.19
349,6133990011,12.0,2013.0,167,2859.73,157,2168.74,178,2502.65,178,2502.65,0.0,0.0,21.0,4.19
350,6133990011,12.0,2014.0,0,0.0,11,86.91,39,974.28,1367,19350.38,0.0,0.0,21.0,4.19
351,6133990011,1.0,2014.0,130,1994.95,167,2859.73,334,5179.32,345,5362.38,1.0,5.0,21.0,4.19
352,6343223011,6.0,2016.0,543,1353.0,0,0.0,0,0.0,0,0.0,0.0,0.0,1.0,5.0
353,6343223011,7.0,2016.0,293,727.5,543,1353.0,543,1353.0,543,1353.0,0.0,0.0,1.0,5.0
354,6343223011,8.0,2016.0,217,498.5,293,727.5,836,2080.5,836,2080.5,0.0,0.0,1.0,5.0
355,6343223011,9.0,2016.0,60,82.0,217,498.5,1053,2579.0,1053,2579.0,0.0,0.0,1.0,5.0
356,6343223011,10.0,2016.0,0,0.0,60,82.0,570,1308.0,1113,2661.0,0.0,0.0,1.0,5.0
357,7976022011,2.0,2016.0,9,295.37,8,268.21,141,3890.27,1284,35472.53,0.0,0.0,1.0,5.0
358,7976022011,3.0,2016.0,7,223.79,9,295.37,76,2440.8,1293,35767.9,0.0,0.0,1.0,5.0
359,7976022011,4.0,2015.0,10,312.5,0,0.0,0,0.0,0,0.0,0.0,0.0,1.0,5.0
360,7976022011,4.0,2016.0,6,196.91,7,223.79,24,787.37,1300,35991.69,0.0,0.0,1.0,5.0
361,7976022011,5.0,2015.0,35,1113.58,10,312.5,10,312.5,10,312.5,0.0,0.0,1.0,5.0
362,7976022011,5.0,2016.0,5,166.35,6,196.91,22,716.07,1296,35876.1,0.0,0.0,1.0,5.0
363,7976022011,6.0,2015.0,481,11296.35,35,1113.58,45,1426.08,45,1426.08,0.0,0.0,1.0,5.0
364,7976022011,6.0,2016.0,11,373.45,5,166.35,18,587.05,1266,34928.87,0.0,0.0,1.0,5.0
365,7976022011,7.0,2015.0,486,14686.33,481,11296.35,526,12722.43,526,12722.43,0.0,0.0,1.0,5.0
366,7976022011,7.0,2016.0,3,101.85,11,373.45,22,736.71,796,24005.97,0.0,0.0,1.0,5.0
367,7976022011,8.0,2015.0,87,2803.25,486,14686.33,1002,27096.26,1012,27408.76,0.0,0.0,1.0,5.0
368,7976022011,8.0,2016.0,6,196.9,3,101.85,19,641.65,313,9421.49,0.0,0.0,1.0,5.0
369,7976022011,9.0,2015.0,22,684.5,87,2803.25,1054,28785.93,1099,30212.01,0.0,0.0,1.0,5.0
370,7976022011,9.0,2016.0,2,67.9,6,196.9,20,672.2,232,6815.14,0.0,0.0,1.0,5.0
371,7976022011,10.0,2015.0,22,685.75,22,684.5,595,18174.08,1121,30896.51,0.0,0.0,1.0,5.0
372,7976022011,10.0,2016.0,0,0.0,2,67.9,11,366.65,212,6198.54,0.0,0.0,1.0,5.0
373,7976022011,11.0,2015.0,74,1744.84,22,685.75,131,4173.5,1143,31582.26,0.0,0.0,1.0,5.0
374,7976022011,12.0,2015.0,59,1877.22,74,1744.84,118,3115.09,1217,33327.1,0.0,0.0,1.0,5.0
375,7976022011,1.0,2016.0,8,268.21,59,1877.22,155,4307.81,1276,35204.32,0.0,0.0,1.0,5.0
376,8622832011,2.0,2011.0,14,2129.4,24,4120.65,109,18861.39,947,163070.14,0.0,0.0,1.0,5.0
377,8622832011,2.0,2012.0,2,350.0,5,869.2,26,4698.4,121,20649.45,0.0,0.0,1.0,5.0
378,8622832011,2.0,2013.0,10,1848.6,17,3155.1,70,12786.05,97,17615.1,0.0,0.0,1.0,5.0
379,8622832011,2.0,2014.0,3,526.5,3,565.5,24,4426.5,121,22200.75,0.0,0.0,1.0,5.0
380,8622832011,2.0,2015.0,1,195.0,1,195.0,20,3324.75,64,11271.0,0.0,0.0,1.0,5.0
381,8622832011,2.0,2016.0,4,741.0,1,175.5,8,1462.5,22,3978.0,0.0,0.0,1.0,5.0
382,8622832011,3.0,2010.0,54,9620.75,0,0.0,0,0.0,0,0.0,0.0,0.0,1.0,5.0
383,8622832011,3.0,2011.0,20,3106.3,14,2129.4,65,10705.04,961,165199.54,0.0,0.0,1.0,5.0
384,8622832011,3.0,2012.0,1,195.0,2,350.0,17,3049.2,109,18870.05,0.0,0.0,1.0,5.0
385,8622832011,3.0,2013.0,18,3305.25,10,1848.6,62,11347.05,105,19113.7,0.0,0.0,1.0,5.0
386,8622832011,3.0,2014.0,2,351.0,3,526.5,22,4036.5,114,20878.65,0.0,0.0,1.0,5.0
387,8622832011,3.0,2015.0,1,195.0,1,195.0,10,1784.25,62,10939.5,0.0,0.0,1.0,5.0
388,8622832011,3.0,2016.0,0,0.0,4,741.0,12,2203.5,25,4524.0,0.0,0.0,1.0,5.0
389,8622832011,4.0,2010.0,188,33615.75,54,9620.75,54,9620.75,54,9620.75,0.0,0.0,1.0,5.0
390,8622832011,4.0,2011.0,8,1435.65,20,3106.3,58,9356.35,927,158685.09,0.0,0.0,1.0,5.0
391,8622832011,4.0,2012.0,1,175.0,1,195.0,8,1414.2,90,15958.75,0.0,0.0,1.0,5.0
392,8622832011,4.0,2013.0,15,2761.2,18,3305.25,45,8308.95,122,22223.95,0.0,0.0,1.0,5.0
393,8622832011,4.0,2014.0,5,975.0,2,351.0,8,1443.0,98,17924.4,1.0,5.0,1.0,5.0
394,8622832011,4.0,2015.0,2,370.5,1,195.0,3,585.0,61,10783.5,0.0,0.0,1.0,5.0
395,8622832011,4.0,2016.0,1,195.0,0,0.0,5,916.5,24,4329.0,0.0,0.0,1.0,5.0
396,8622832011,5.0,2010.0,152,27140.75,188,33615.75,242,43236.5,242,43236.5,0.0,0.0,1.0,5.0
397,8622832011,5.0,2011.0,19,3399.2,8,1435.65,42,6671.35,747,126504.99,0.0,0.0,1.0,5.0
398,8622832011,5.0,2012.0,1,195.0,1,175.0,4,720.0,83,14698.1,0.0,0.0,1.0,5.0
399,8622832011,5.0,2013.0,15,2722.2,15,2761.2,43,7915.05,136,24810.15,0.0,0.0,1.0,5.0
400,8622832011,5.0,2014.0,7,1287.0,5,975.0,10,1852.5,88,16138.2,0.0,0.0,1.0,5.0
401,8622832011,5.0,2015.0,1,156.0,2,370.5,4,760.5,58,10179.0,0.0,0.0,1.0,5.0
402,8622832011,5.0,2016.0,2,390.0,1,195.0,5,936.0,23,4153.5,0.0,0.0,1.0,5.0
403,8622832011,6.0,2010.0,191,32330.75,152,27140.75,394,70377.25,394,70377.25,0.0,0.0,1.0,5.0
404,8622832011,6.0,2011.0,17,2875.65,19,3399.2,47,7941.15,614,102763.44,0.0,0.0,1.0,5.0
405,8622832011,6.0,2012.0,2,350.0,1,195.0,3,565.0,65,11493.9,0.0,0.0,1.0,5.0
406,8622832011,6.0,2013.0,14,2554.5,15,2722.2,48,8788.65,150,27337.35,0.0,0.0,1.0,5.0
407,8622832011,6.0,2014.0,2,390.0,7,1287.0,14,2613.0,80,14703.0,0.0,0.0,1.0,5.0
408,8622832011,6.0,2015.0,3,487.5,1,156.0,4,721.5,52,9048.0,0.0,0.0,1.0,5.0
409,8622832011,6.0,2016.0,3,546.0,2,390.0,3,585.0,24,4387.5,0.0,0.0,1.0,5.0
410,8622832011,7.0,2010.0,126,21175.0,191,32330.75,531,93087.25,585,102708.0,0.0,0.0,1.0,5.0
411,8622832011,7.0,2011.0,6,1045.65,17,2875.65,44,7710.5,440,73308.34,0.0,0.0,1.0,5.0
412,8622832011,7.0,2012.0,0,0.0,2,350.0,4,720.0,50,8968.25,0.0,0.0,1.0,5.0
413,8622832011,7.0,2013.0,12,2203.5,14,2554.5,44,8037.9,162,29541.85,0.0,0.0,1.0,5.0
414,8622832011,7.0,2014.0,2,370.5,2,390.0,14,2652.0,68,12538.5,0.0,0.0,1.0,5.0
415,8622832011,7.0,2015.0,2,331.5,3,487.5,6,1014.0,53,9145.5,0.0,0.0,1.0,5.0
416,8622832011,7.0,2016.0,1,175.5,3,546.0,6,1131.0,24,4446.0,0.0,0.0,1.0,5.0
417,8622832011,8.0,2010.0,54,8630.75,126,21175.0,469,80646.5,711,123883.0,0.0,0.0,1.0,5.0
418,8622832011,8.0,2011.0,8,1435.65,6,1045.65,42,7320.5,320,53178.99,0.0,0.0,1.0,5.0
419,8622832011,8.0,2012.0,2,347.1,0,0.0,3,545.0,44,7922.6,0.0,0.0,1.0,5.0
420,8622832011,8.0,2013.0,3,546.0,12,2203.5,41,7480.2,174,31745.35,0.0,0.0,1.0,5.0
421,8622832011,8.0,2014.0,2,390.0,2,370.5,11,2047.5,58,10705.5,0.0,0.0,1.0,5.0
422,8622832011,8.0,2015.0,3,585.0,2,331.5,6,975.0,53,9106.5,0.0,0.0,1.0,5.0
423,8622832011,8.0,2016.0,0,0.0,1,175.5,6,1111.5,23,4290.0,0.0,0.0,1.0,5.0
424,8622832011,9.0,2010.0,32,4670.0,54,8630.75,371,62136.5,765,132513.75,0.0,0.0,1.0,5.0
425,8622832011,9.0,2011.0,2,348.55,8,1435.65,31,5356.95,274,45983.89,0.0,0.0,1.0,5.0
426,8622832011,9.0,2012.0,3,542.1,2,347.1,4,697.1,38,6834.05,0.0,0.0,1.0,5.0
427,8622832011,9.0,2013.0,5,897.0,3,546.0,29,5304.0,175,31944.25,0.0,0.0,1.0,5.0
428,8622832011,9.0,2014.0,11,1989.0,2,390.0,6,1150.5,57,10549.5,0.0,0.0,1.0,5.0
429,8622832011,9.0,2015.0,1,195.0,3,585.0,8,1404.0,54,9301.5,0.0,0.0,1.0,5.0
430,8622832011,10.0,2010.0,41,7025.0,32,4670.0,212,34475.75,797,137183.75,0.0,0.0,1.0,5.0
431,8622832011,10.0,2011.0,1,175.0,2,348.55,16,2829.85,244,41662.44,0.0,0.0,1.0,5.0
432,8622832011,10.0,2012.0,15,2674.85,3,542.1,5,889.2,39,7027.6,0.0,0.0,1.0,5.0
433,8622832011,10.0,2013.0,5,936.0,5,897.0,20,3646.5,177,32299.15,0.0,0.0,1.0,5.0
434,8622832011,10.0,2014.0,10,1667.25,11,1989.0,15,2749.5,63,11641.5,0.0,0.0,1.0,5.0
435,8622832011,10.0,2015.0,0,0.0,1,195.0,6,1111.5,44,7507.5,0.0,0.0,1.0,5.0
436,8622832011,11.0,2010.0,58,10285.75,41,7025.0,127,20325.75,838,144208.75,0.0,0.0,1.0,5.0
437,8622832011,11.0,2011.0,11,1999.2,1,175.0,11,1959.2,204,34812.44,0.0,0.0,1.0,5.0
438,8622832011,11.0,2012.0,18,3287.6,15,2674.85,20,3564.05,53,9527.45,0.0,0.0,1.0,5.0
439,8622832011,11.0,2013.0,5,916.5,5,936.0,13,2379.0,167,30560.3,0.0,0.0,1.0,5.0
440,8622832011,11.0,2014.0,11,1735.5,10,1667.25,23,4046.25,68,12372.75,0.0,0.0,1.0,5.0
441,8622832011,12.0,2010.0,27,4454.99,58,10285.75,131,21980.75,896,154494.5,0.0,0.0,1.0,5.0
442,8622832011,12.0,2011.0,10,1830.0,11,1999.2,14,2522.75,157,26525.89,0.0,0.0,1.0,5.0
443,8622832011,12.0,2012.0,35,6343.35,18,3287.6,36,6504.55,60,10815.85,0.0,0.0,1.0,5.0
444,8622832011,12.0,2013.0,16,2944.5,5,916.5,15,2749.5,154,28189.2,0.0,0.0,1.0,5.0
445,8622832011,12.0,2014.0,8,1394.25,11,1735.5,32,5391.75,74,13191.75,0.0,0.0,1.0,5.0
446,8622832011,12.0,2015.0,7,1287.0,0,0.0,1,195.0,23,4104.75,0.0,0.0,1.0,5.0
447,8622832011,1.0,2011.0,24,4120.65,27,4454.99,126,21765.74,923,158949.49,0.0,0.0,1.0,5.0
448,8622832011,1.0,2012.0,5,869.2,10,1830.0,22,4004.2,140,23900.9,0.0,0.0,1.0,5.0
449,8622832011,1.0,2013.0,17,3155.1,35,6343.35,68,12305.8,85,15329.2,0.0,0.0,1.0,5.0
450,8622832011,1.0,2014.0,3,565.5,16,2944.5,26,4797.0,135,24790.35,0.0,0.0,1.0,5.0
451,8622832011,1.0,2015.0,1,195.0,8,1394.25,29,4797.0,66,11641.5,0.0,0.0,1.0,5.0
452,8622832011,1.0,2016.0,1,175.5,7,1287.0,7,1287.0,22,3997.5,0.0,0.0,1.0,5.0
453,10806600011,2.0,2015.0,20,353.45,7,59.85,171,1680.04,1418,20972.74,0.0,0.0,3.0,4.33
454,10806600011,2.0,2016.0,12,818.55,4,75.45,85,2613.83,146,4918.19,0.0,0.0,3.0,4.33
455,10806600011,3.0,2014.0,4,0.0,0,0.0,0,0.0,0,0.0,0.0,0.0,3.0,4.33
456,10806600011,3.0,2015.0,1,17.95,20,353.45,69,1129.67,1438,21326.19,0.0,0.0,3.0,4.33
457,10806600011,3.0,2016.0,47,861.32,12,818.55,58,2719.48,138,5383.29,0.0,0.0,3.0,4.33
458,10806600011,4.0,2014.0,124,1671.03,4,0.0,4,0.0,4,0.0,0.0,0.0,3.0,4.33
459,10806600011,4.0,2015.0,5,96.1,1,17.95,28,431.25,1435,21344.14,0.0,0.0,3.0,4.33
460,10806600011,4.0,2016.0,56,1654.25,47,861.32,63,1755.32,184,6226.66,0.0,0.0,3.0,4.33
461,10806600011,5.0,2014.0,224,4065.69,124,1671.03,128,1671.03,128,1671.03,0.0,0.0,3.0,4.33
462,10806600011,5.0,2015.0,5,95.75,5,96.1,26,467.5,1316,19769.21,0.0,0.0,3.0,4.33
463,10806600011,5.0,2016.0,36,662.2,56,1654.25,115,3334.12,235,7784.81,0.0,0.0,3.0,4.33
464,10806600011,6.0,2014.0,334,5332.05,224,4065.69,352,5736.72,352,5736.72,0.0,0.0,3.0,4.33
465,10806600011,6.0,2015.0,10,182.5,5,95.75,11,209.8,1097,15799.27,0.0,0.0,3.0,4.33
466,10806600011,6.0,2016.0,14,255.31,36,662.2,139,3177.77,266,8351.26,0.0,0.0,3.0,4.33
467,10806600011,7.0,2014.0,185,2675.0,334,5332.05,682,11068.77,686,11068.77,0.0,0.0,3.0,4.33
468,10806600011,7.0,2015.0,1,8.34,10,182.5,20,374.35,773,10649.72,0.0,0.0,3.0,4.33
469,10806600011,7.0,2016.0,9,113.7,14,255.31,106,2571.76,270,8424.07,0.0,0.0,3.0,4.33
470,10806600011,8.0,2014.0,154,1728.56,185,2675.0,743,12072.74,871,13743.77,0.0,0.0,3.0,4.33
471,10806600011,8.0,2015.0,11,210.95,1,8.34,16,286.59,589,7983.06,0.0,0.0,3.0,4.33
472,10806600011,8.0,2016.0,3,57.85,9,113.7,59,1031.21,278,8529.43,0.0,0.0,3.0,4.33
473,10806600011,9.0,2014.0,101,1791.31,154,1728.56,673,9735.61,1025,15472.33,0.0,0.0,3.0,4.33
474,10806600011,9.0,2015.0,5,720.92,11,210.95,22,401.79,446,6465.45,0.0,0.0,3.0,4.33
475,10806600011,9.0,2016.0,3,53.85,3,57.85,26,426.86,270,8376.33,0.0,0.0,3.0,4.33
476,10806600011,10.0,2014.0,121,2029.06,101,1791.31,440,6194.87,1126,17263.64,0.0,0.0,3.0,4.33
477,10806600011,10.0,2015.0,3,618.4,5,720.92,17,940.21,350,5395.06,0.0,0.0,3.0,4.33
478,10806600011,10.0,2016.0,0,0.0,3,53.85,15,225.4,268,7709.26,0.0,0.0,3.0,4.33
479,10806600011,11.0,2014.0,122,903.82,121,2029.06,376,5548.93,1247,19292.7,0.0,0.0,3.0,4.33
480,10806600011,11.0,2015.0,39,712.9,3,618.4,19,1550.27,232,3984.4,0.0,0.0,3.0,4.33
481,10806600011,12.0,2014.0,42,716.37,122,903.82,344,4724.19,1369,20196.52,0.0,0.0,3.0,4.33
482,10806600011,12.0,2015.0,42,1825.48,39,712.9,47,2052.22,149,3793.48,0.0,0.0,3.0,4.33
483,10806600011,1.0,2015.0,7,59.85,42,716.37,285,3649.25,1411,20912.89,0.0,0.0,3.0,4.33
484,10806600011,1.0,2016.0,4,75.45,42,1825.48,84,3156.78,149,4902.59,0.0,0.0,3.0,4.33
